id,start,end,english,translation
01,00:00.000,00:07.000,"Welcome to ForamEcoQS. This tutorial goes from an abundance matrix to ecological indices and a clear plot.",
02,00:11.000,00:23.000,"Open the CSV. Rows are species, columns are samples, and cells are integer counts.",
03,00:29.000,00:50.000,"Select the appropriate databank, compare species names, and review unmatched taxa.",
04,00:57.000,01:16.000,"Review calculation settings, then select the indices required for the analysis.",
05,01:24.000,02:04.000,"For TSI, enter mud percentage separately for each sample.",
06,02:11.000,02:31.000,"Inspect numerical results and ecological quality classes.",
07,02:31.000,02:58.000,"Select only Foram-AMBI, FSI, and exp(H'bc) for a readable line plot.",
08,02:58.000,03:05.000,"Use Composite Panel for a compact overview.",
09,03:05.000,03:11.000,"Keep plots focused, export results, and document every setting.",
